Месец,Број/Површина ( во m2 ),"Видови објекти од високоградба, број/површина ( во m2 )",value
2010М01,Површина ( во m2 ),11 Станови во станбени објекти (згради),17601
2010М01,Површина ( во m2 ),111 Станови во објекти (згради) со еден стан,5844
2010М01,Површина ( во m2 ),112 Станови во објекти (згради) со два и повеќе стана,11757
2010М01,Површина ( во m2 ),12 Нестанбени згради,7143
2010М01,Површина ( во m2 ),122 Деловни згради,441
2010М01,Површина ( во m2 ),123 Згради во трговијата на големо и на мало,405
2010М01,Површина ( во m2 ),124 Згради за сообраќај и други комуникации,29
2010М01,Површина ( во m2 ),125 Индустриски згради и складишта,3980
2010М01,Површина ( во m2 ),"126 Згради за разонода на публика, за образование, болници или згради за институционална грижа",985
2010М01,Површина ( во m2 ),127 Други нестанбени згради,1303
2010М02,Површина ( во m2 ),11 Станови во станбени објекти (згради),26531
2010М02,Површина ( во m2 ),111 Станови во објекти (згради) со еден стан,8418
2010М02,Површина ( во m2 ),112 Станови во објекти (згради) со два и повеќе стана,18113
2010М02,Површина ( во m2 ),12 Нестанбени згради,12851
2010М02,Површина ( во m2 ),121 Хотели и слични згради,414
2010М02,Површина ( во m2 ),123 Згради во трговијата на големо и на мало,3123
2010М02,Површина ( во m2 ),124 Згради за сообраќај и други комуникации,70
2010М02,Површина ( во m2 ),125 Индустриски згради и складишта,4811
2010М02,Површина ( во m2 ),"126 Згради за разонода на публика, за образование, болници или згради за институционална грижа",190
2010М02,Површина ( во m2 ),127 Други нестанбени згради,4243
2010М03,Површина ( во m2 ),11 Станови во станбени објекти (згради),24566
2010М03,Површина ( во m2 ),111 Станови во објекти (згради) со еден стан,10268
2010М03,Површина ( во m2 ),112 Станови во објекти (згради) со два и повеќе стана,14298
2010М03,Површина ( во m2 ),12 Нестанбени згради,30382
2010М03,Површина ( во m2 ),121 Хотели и слични згради,456
2010М03,Површина ( во m2 ),122 Деловни згради,12241
2010М03,Површина ( во m2 ),123 Згради во трговијата на големо и на мало,9303
2010М03,Површина ( во m2 ),124 Згради за сообраќај и други комуникации,18
2010М03,Површина ( во m2 ),125 Индустриски згради и складишта,4544
2010М03,Површина ( во m2 ),"126 Згради за разонода на публика, за образование, болници или згради за институционална грижа",861
2010М03,Површина ( во m2 ),127 Други нестанбени згради,2959
2010М04,Површина ( во m2 ),11 Станови во станбени објекти (згради),47905
2010М04,Површина ( во m2 ),111 Станови во објекти (згради) со еден стан,9978
2010М04,Површина ( во m2 ),112 Станови во објекти (згради) со два и повеќе стана,37927
2010М04,Површина ( во m2 ),12 Нестанбени згради,11176
2010М04,Површина ( во m2 ),121 Хотели и слични згради,400
2010М04,Површина ( во m2 ),123 Згради во трговијата на големо и на мало,4461
2010М04,Површина ( во m2 ),124 Згради за сообраќај и други комуникации,87
2010М04,Површина ( во m2 ),125 Индустриски згради и складишта,4488
2010М04,Површина ( во m2 ),"126 Згради за разонода на публика, за образование, болници или згради за институционална грижа",774
2010М04,Површина ( во m2 ),127 Други нестанбени згради,966
2010М05,Површина ( во m2 ),11 Станови во станбени објекти (згради),32073
2010М05,Површина ( во m2 ),111 Станови во објекти (згради) со еден стан,9407
2010М05,Површина ( во m2 ),112 Станови во објекти (згради) со два и повеќе стана,22666
2010М05,Површина ( во m2 ),12 Нестанбени згради,9206
2010М05,Површина ( во m2 ),122 Деловни згради,1446
2010М05,Површина ( во m2 ),123 Згради во трговијата на големо и на мало,979
2010М05,Површина ( во m2 ),124 Згради за сообраќај и други комуникации,34
2010М05,Површина ( во m2 ),125 Индустриски згради и складишта,2026
2010М05,Површина ( во m2 ),"126 Згради за разонода на публика, за образование, болници или згради за институционална грижа",4014
2010М05,Површина ( во m2 ),127 Други нестанбени згради,707
2010М06,Површина ( во m2 ),11 Станови во станбени објекти (згради),36520
2010М06,Површина ( во m2 ),111 Станови во објекти (згради) со еден стан,10601
2010М06,Површина ( во m2 ),112 Станови во објекти (згради) со два и повеќе стана,25919
2010М06,Површина ( во m2 ),12 Нестанбени згради,11727
2010М06,Површина ( во m2 ),121 Хотели и слични згради,1476
2010М06,Површина ( во m2 ),122 Деловни згради,969
2010М06,Површина ( во m2 ),123 Згради во трговијата на големо и на мало,3624
2010М06,Површина ( во m2 ),124 Згради за сообраќај и други комуникации,18
2010М06,Површина ( во m2 ),125 Индустриски згради и складишта,4301
2010М06,Површина ( во m2 ),"126 Згради за разонода на публика, за образование, болници или згради за институционална грижа",1081
2010М06,Површина ( во m2 ),127 Други нестанбени згради,258
2010М07,Површина ( во m2 ),11 Станови во станбени објекти (згради),37900
2010М07,Површина ( во m2 ),111 Станови во објекти (згради) со еден стан,10992
2010М07,Површина ( во m2 ),112 Станови во објекти (згради) со два и повеќе стана,26908
2010М07,Површина ( во m2 ),12 Нестанбени згради,13821
2010М07,Површина ( во m2 ),123 Згради во трговијата на големо и на мало,3459
2010М07,Површина ( во m2 ),124 Згради за сообраќај и други комуникации,112
2010М07,Површина ( во m2 ),125 Индустриски згради и складишта,7918
2010М07,Површина ( во m2 ),"126 Згради за разонода на публика, за образование, болници или згради за институционална грижа",1644
2010М07,Површина ( во m2 ),127 Други нестанбени згради,688
2010М08,Површина ( во m2 ),11 Станови во станбени објекти (згради),40987
2010М08,Површина ( во m2 ),111 Станови во објекти (згради) со еден стан,9735
2010М08,Површина ( во m2 ),112 Станови во објекти (згради) со два и повеќе стана,31252
2010М08,Површина ( во m2 ),12 Нестанбени згради,16019
2010М08,Површина ( во m2 ),123 Згради во трговијата на големо и на мало,13366
2010М08,Површина ( во m2 ),124 Згради за сообраќај и други комуникации,34
2010М08,Површина ( во m2 ),125 Индустриски згради и складишта,1899
2010М08,Површина ( во m2 ),127 Други нестанбени згради,720
2010М09,Површина ( во m2 ),11 Станови во станбени објекти (згради),49770
2010М09,Површина ( во m2 ),111 Станови во објекти (згради) со еден стан,10100
2010М09,Површина ( во m2 ),112 Станови во објекти (згради) со два и повеќе стана,39670
2010М09,Површина ( во m2 ),12 Нестанбени згради,84953
2010М09,Површина ( во m2 ),121 Хотели и слични згради,310
2010М09,Површина ( во m2 ),122 Деловни згради,11745
2010М09,Површина ( во m2 ),123 Згради во трговијата на големо и на мало,8074
2010М09,Површина ( во m2 ),124 Згради за сообраќај и други комуникации,164
2010М09,Површина ( во m2 ),125 Индустриски згради и складишта,62414
2010М09,Површина ( во m2 ),"126 Згради за разонода на публика, за образование, болници или згради за институционална грижа",1350
2010М09,Површина ( во m2 ),127 Други нестанбени згради,896
2010М10,Површина ( во m2 ),11 Станови во станбени објекти (згради),26106
2010М10,Површина ( во m2 ),111 Станови во објекти (згради) со еден стан,8002
2010М10,Површина ( во m2 ),112 Станови во објекти (згради) со два и повеќе стана,18104
2010М10,Површина ( во m2 ),12 Нестанбени згради,61810
2010М10,Површина ( во m2 ),122 Деловни згради,3108
2010М10,Површина ( во m2 ),123 Згради во трговијата на големо и на мало,12039
2010М10,Површина ( во m2 ),124 Згради за сообраќај и други комуникации,35204
2010М10,Површина ( во m2 ),125 Индустриски згради и складишта,8734
2010М10,Површина ( во m2 ),"126 Згради за разонода на публика, за образование, болници или згради за институционална грижа",2233
2010М10,Површина ( во m2 ),127 Други нестанбени згради,492
2010М11,Површина ( во m2 ),11 Станови во станбени објекти (згради),58329
2010М11,Површина ( во m2 ),111 Станови во објекти (згради) со еден стан,10633
2010М11,Површина ( во m2 ),112 Станови во објекти (згради) со два и повеќе стана,47696
2010М11,Површина ( во m2 ),12 Нестанбени згради,10638
2010М11,Површина ( во m2 ),121 Хотели и слични згради,1500
2010М11,Површина ( во m2 ),123 Згради во трговијата на големо и на мало,2636
2010М11,Површина ( во m2 ),124 Згради за сообраќај и други комуникации,136
2010М11,Површина ( во m2 ),125 Индустриски згради и складишта,6086
2010М11,Површина ( во m2 ),127 Други нестанбени згради,280
2010М12,Површина ( во m2 ),11 Станови во станбени објекти (згради),68339
2010М12,Површина ( во m2 ),111 Станови во објекти (згради) со еден стан,10472
2010М12,Површина ( во m2 ),112 Станови во објекти (згради) со два и повеќе стана,57867
2010М12,Површина ( во m2 ),12 Нестанбени згради,65904
2010М12,Површина ( во m2 ),121 Хотели и слични згради,1492
2010М12,Површина ( во m2 ),122 Деловни згради,250
2010М12,Површина ( во m2 ),123 Згради во трговијата на големо и на мало,8940
2010М12,Површина ( во m2 ),124 Згради за сообраќај и други комуникации,5417
2010М12,Површина ( во m2 ),125 Индустриски згради и складишта,38761
2010М12,Површина ( во m2 ),"126 Згради за разонода на публика, за образование, болници или згради за институционална грижа",9194
2010М12,Површина ( во m2 ),127 Други нестанбени згради,1850
2011М01,Површина ( во m2 ),11 Станови во станбени објекти (згради),27753
2011М01,Површина ( во m2 ),111 Станови во објекти (згради) со еден стан,9505
2011М01,Површина ( во m2 ),112 Станови во објекти (згради) со два и повеќе стана,18248
2011М01,Површина ( во m2 ),12 Нестанбени згради,10833
2011М01,Површина ( во m2 ),123 Згради во трговијата на големо и на мало,2926
2011М01,Површина ( во m2 ),124 Згради за сообраќај и други комуникации,22
2011М01,Површина ( во m2 ),125 Индустриски згради и складишта,6625
2011М01,Површина ( во m2 ),"126 Згради за разонода на публика, за образование, болници или згради за институционална грижа",760
2011М01,Површина ( во m2 ),127 Други нестанбени згради,500
2011М02,Површина ( во m2 ),11 Станови во станбени објекти (згради),30036
2011М02,Површина ( во m2 ),111 Станови во објекти (згради) со еден стан,4877
2011М02,Површина ( во m2 ),112 Станови во објекти (згради) со два и повеќе стана,25159
2011М02,Површина ( во m2 ),12 Нестанбени згради,11203
2011М02,Површина ( во m2 ),121 Хотели и слични згради,243
2011М02,Површина ( во m2 ),123 Згради во трговијата на големо и на мало,4983
2011М02,Површина ( во m2 ),125 Индустриски згради и складишта,2714
2011М02,Површина ( во m2 ),127 Други нестанбени згради,3263
2011М03,Површина ( во m2 ),11 Станови во станбени објекти (згради),38201
2011М03,Површина ( во m2 ),111 Станови во објекти (згради) со еден стан,4922
2011М03,Површина ( во m2 ),112 Станови во објекти (згради) со два и повеќе стана,33279
2011М03,Површина ( во m2 ),12 Нестанбени згради,28769
2011М03,Површина ( во m2 ),122 Деловни згради,178
2011М03,Површина ( во m2 ),123 Згради во трговијата на големо и на мало,8129
2011М03,Површина ( во m2 ),124 Згради за сообраќај и други комуникации,13635
2011М03,Површина ( во m2 ),125 Индустриски згради и складишта,4153
2011М03,Површина ( во m2 ),"126 Згради за разонода на публика, за образование, болници или згради за институционална грижа",2366
2011М03,Површина ( во m2 ),127 Други нестанбени згради,308
2011М04,Површина ( во m2 ),11 Станови во станбени објекти (згради),30671
2011М04,Површина ( во m2 ),111 Станови во објекти (згради) со еден стан,7069
2011М04,Површина ( во m2 ),112 Станови во објекти (згради) со два и повеќе стана,23602
2011М04,Површина ( во m2 ),12 Нестанбени згради,10670
2011М04,Површина ( во m2 ),121 Хотели и слични згради,706
2011М04,Површина ( во m2 ),123 Згради во трговијата на големо и на мало,5300
2011М04,Површина ( во m2 ),125 Индустриски згради и складишта,2181
2011М04,Површина ( во m2 ),"126 Згради за разонода на публика, за образование, болници или згради за институционална грижа",2075
2011М04,Површина ( во m2 ),127 Други нестанбени згради,408
2011М05,Површина ( во m2 ),11 Станови во станбени објекти (згради),58600
2011М05,Површина ( во m2 ),111 Станови во објекти (згради) со еден стан,7758
2011М05,Површина ( во m2 ),112 Станови во објекти (згради) со два и повеќе стана,50842
2011М05,Површина ( во m2 ),12 Нестанбени згради,59964
2011М05,Површина ( во m2 ),121 Хотели и слични згради,14248
2011М05,Површина ( во m2 ),122 Деловни згради,443
2011М05,Површина ( во m2 ),123 Згради во трговијата на големо и на мало,9914
2011М05,Површина ( во m2 ),124 Згради за сообраќај и други комуникации,8618
2011М05,Површина ( во m2 ),125 Индустриски згради и складишта,10786
2011М05,Површина ( во m2 ),127 Други нестанбени згради,15955
2011М06,Површина ( во m2 ),11 Станови во станбени објекти (згради),48394
2011М06,Површина ( во m2 ),111 Станови во објекти (згради) со еден стан,7877
2011М06,Површина ( во m2 ),112 Станови во објекти (згради) со два и повеќе стана,40517
2011М06,Површина ( во m2 ),12 Нестанбени згради,28750
2011М06,Површина ( во m2 ),121 Хотели и слични згради,12456
2011М06,Површина ( во m2 ),122 Деловни згради,280
2011М06,Површина ( во m2 ),123 Згради во трговијата на големо и на мало,2351
2011М06,Површина ( во m2 ),124 Згради за сообраќај и други комуникации,67
2011М06,Површина ( во m2 ),125 Индустриски згради и складишта,11348
2011М06,Површина ( во m2 ),"126 Згради за разонода на публика, за образование, болници или згради за институционална грижа",2114
2011М06,Површина ( во m2 ),127 Други нестанбени згради,134
2011М07,Површина ( во m2 ),11 Станови во станбени објекти (згради),54274
2011М07,Површина ( во m2 ),111 Станови во објекти (згради) со еден стан,6555
2011М07,Површина ( во m2 ),112 Станови во објекти (згради) со два и повеќе стана,47719
2011М07,Површина ( во m2 ),12 Нестанбени згради,38369
2011М07,Површина ( во m2 ),122 Деловни згради,12591
2011М07,Површина ( во m2 ),123 Згради во трговијата на големо и на мало,2566
2011М07,Површина ( во m2 ),124 Згради за сообраќај и други комуникации,35
2011М07,Површина ( во m2 ),125 Индустриски згради и складишта,13931
2011М07,Површина ( во m2 ),"126 Згради за разонода на публика, за образование, болници или згради за институционална грижа",8527
2011М07,Површина ( во m2 ),127 Други нестанбени згради,719
2011М08,Површина ( во m2 ),11 Станови во станбени објекти (згради),47108
2011М08,Површина ( во m2 ),111 Станови во објекти (згради) со еден стан,8852
2011М08,Површина ( во m2 ),112 Станови во објекти (згради) со два и повеќе стана,38256
2011М08,Површина ( во m2 ),12 Нестанбени згради,33896
2011М08,Површина ( во m2 ),121 Хотели и слични згради,693
2011М08,Површина ( во m2 ),122 Деловни згради,3225
2011М08,Површина ( во m2 ),123 Згради во трговијата на големо и на мало,15877
2011М08,Површина ( во m2 ),125 Индустриски згради и складишта,12140
2011М08,Површина ( во m2 ),"126 Згради за разонода на публика, за образование, болници или згради за институционална грижа",1853
2011М08,Површина ( во m2 ),127 Други нестанбени згради,108
2011М09,Површина ( во m2 ),11 Станови во станбени објекти (згради),53221
2011М09,Површина ( во m2 ),111 Станови во објекти (згради) со еден стан,7631
2011М09,Површина ( во m2 ),112 Станови во објекти (згради) со два и повеќе стана,45590
2011М09,Површина ( во m2 ),12 Нестанбени згради,39387
2011М09,Површина ( во m2 ),121 Хотели и слични згради,300
2011М09,Површина ( во m2 ),123 Згради во трговијата на големо и на мало,25039
2011М09,Површина ( во m2 ),125 Индустриски згради и складишта,13520
2011М09,Површина ( во m2 ),127 Други нестанбени згради,528
2011М10,Површина ( во m2 ),11 Станови во станбени објекти (згради),46067
2011М10,Површина ( во m2 ),111 Станови во објекти (згради) со еден стан,10341
2011М10,Површина ( во m2 ),112 Станови во објекти (згради) со два и повеќе стана,35726
2011М10,Површина ( во m2 ),12 Нестанбени згради,40505
2011М10,Површина ( во m2 ),121 Хотели и слични згради,9934
2011М10,Површина ( во m2 ),122 Деловни згради,1136
2011М10,Површина ( во m2 ),123 Згради во трговијата на големо и на мало,12448
2011М10,Површина ( во m2 ),124 Згради за сообраќај и други комуникации,60
2011М10,Површина ( во m2 ),125 Индустриски згради и складишта,15416
2011М10,Површина ( во m2 ),"126 Згради за разонода на публика, за образование, болници или згради за институционална грижа",1448
2011М10,Површина ( во m2 ),127 Други нестанбени згради,63
2011М11,Површина ( во m2 ),11 Станови во станбени објекти (згради),43764
2011М11,Површина ( во m2 ),111 Станови во објекти (згради) со еден стан,8713
2011М11,Површина ( во m2 ),112 Станови во објекти (згради) со два и повеќе стана,35051
2011М11,Површина ( во m2 ),12 Нестанбени згради,62469
2011М11,Површина ( во m2 ),122 Деловни згради,8948
2011М11,Површина ( во m2 ),123 Згради во трговијата на големо и на мало,7543
2011М11,Површина ( во m2 ),124 Згради за сообраќај и други комуникации,85
2011М11,Површина ( во m2 ),125 Индустриски згради и складишта,43321
2011М11,Површина ( во m2 ),127 Други нестанбени згради,2572
2011М12,Површина ( во m2 ),11 Станови во станбени објекти (згради),54637
2011М12,Површина ( во m2 ),111 Станови во објекти (згради) со еден стан,10000
2011М12,Површина ( во m2 ),112 Станови во објекти (згради) со два и повеќе стана,44637
2011М12,Површина ( во m2 ),12 Нестанбени згради,23284
2011М12,Површина ( во m2 ),121 Хотели и слични згради,508
2011М12,Површина ( во m2 ),123 Згради во трговијата на големо и на мало,6350
2011М12,Површина ( во m2 ),124 Згради за сообраќај и други комуникации,138
2011М12,Површина ( во m2 ),125 Индустриски згради и складишта,6810
2011М12,Површина ( во m2 ),"126 Згради за разонода на публика, за образование, болници или згради за институционална грижа",6143
2011М12,Површина ( во m2 ),127 Други нестанбени згради,3335
2012М01,Површина ( во m2 ),11 Станови во станбени објекти (згради),40261
2012М01,Површина ( во m2 ),111 Станови во објекти (згради) со еден стан,5871
2012М01,Површина ( во m2 ),112 Станови во објекти (згради) со два и повеќе стана,31651
2012М01,Површина ( во m2 ),113 Станови на заедници,2739
2012М01,Површина ( во m2 ),12 Нестанбени згради,50183
2012М01,Површина ( во m2 ),123 Згради во трговијата на големо и на мало,14122
2012М01,Површина ( во m2 ),124 Згради за сообраќај и други комуникации,71
2012М01,Површина ( во m2 ),125 Индустриски згради и складишта,14110
2012М01,Површина ( во m2 ),"126 Згради за разонода на публика, за образование, болници или згради за институционална грижа",20774
2012М01,Површина ( во m2 ),127 Други нестанбени згради,1106
2012М02,Површина ( во m2 ),11 Станови во станбени објекти (згради),38194
2012М02,Површина ( во m2 ),111 Станови во објекти (згради) со еден стан,7674
2012М02,Површина ( во m2 ),112 Станови во објекти (згради) со два и повеќе стана,30520
2012М02,Површина ( во m2 ),12 Нестанбени згради,13717
2012М02,Површина ( во m2 ),121 Хотели и слични згради,888
2012М02,Површина ( во m2 ),122 Деловни згради,259
2012М02,Површина ( во m2 ),123 Згради во трговијата на големо и на мало,6135
2012М02,Површина ( во m2 ),125 Индустриски згради и складишта,5337
2012М02,Површина ( во m2 ),"126 Згради за разонода на публика, за образование, болници или згради за институционална грижа",340
2012М02,Површина ( во m2 ),127 Други нестанбени згради,758
2012М03,Површина ( во m2 ),11 Станови во станбени објекти (згради),41010
2012М03,Површина ( во m2 ),111 Станови во објекти (згради) со еден стан,8382
2012М03,Површина ( во m2 ),112 Станови во објекти (згради) со два и повеќе стана,32628
2012М03,Површина ( во m2 ),12 Нестанбени згради,45652
2012М03,Површина ( во m2 ),121 Хотели и слични згради,13783
2012М03,Површина ( во m2 ),123 Згради во трговијата на големо и на мало,8343
2012М03,Површина ( во m2 ),124 Згради за сообраќај и други комуникации,16
2012М03,Површина ( во m2 ),125 Индустриски згради и складишта,18075
2012М03,Површина ( во m2 ),"126 Згради за разонода на публика, за образование, болници или згради за институционална грижа",5390
2012М03,Површина ( во m2 ),127 Други нестанбени згради,45
2012М04,Површина ( во m2 ),11 Станови во станбени објекти (згради),37584
2012М04,Површина ( во m2 ),111 Станови во објекти (згради) со еден стан,7018
2012М04,Површина ( во m2 ),112 Станови во објекти (згради) со два и повеќе стана,30566
2012М04,Површина ( во m2 ),12 Нестанбени згради,35431
2012М04,Површина ( во m2 ),121 Хотели и слични згради,15053
2012М04,Површина ( во m2 ),123 Згради во трговијата на големо и на мало,2129
2012М04,Површина ( во m2 ),124 Згради за сообраќај и други комуникации,62
2012М04,Површина ( во m2 ),125 Индустриски згради и складишта,10775
2012М04,Површина ( во m2 ),"126 Згради за разонода на публика, за образование, болници или згради за институционална грижа",6747
2012М04,Површина ( во m2 ),127 Други нестанбени згради,665
2012М05,Површина ( во m2 ),11 Станови во станбени објекти (згради),43073
2012М05,Површина ( во m2 ),111 Станови во објекти (згради) со еден стан,13200
2012М05,Површина ( во m2 ),112 Станови во објекти (згради) со два и повеќе стана,29873
2012М05,Површина ( во m2 ),12 Нестанбени згради,19232
2012М05,Површина ( во m2 ),121 Хотели и слични згради,1971
2012М05,Површина ( во m2 ),122 Деловни згради,1052
2012М05,Површина ( во m2 ),123 Згради во трговијата на големо и на мало,2123
2012М05,Површина ( во m2 ),124 Згради за сообраќај и други комуникации,60
2012М05,Површина ( во m2 ),125 Индустриски згради и складишта,12538
2012М05,Површина ( во m2 ),"126 Згради за разонода на публика, за образование, болници или згради за институционална грижа",176
2012М05,Површина ( во m2 ),127 Други нестанбени згради,1312
2012М06,Површина ( во m2 ),11 Станови во станбени објекти (згради),47452
2012М06,Површина ( во m2 ),111 Станови во објекти (згради) со еден стан,8293
2012М06,Површина ( во m2 ),112 Станови во објекти (згради) со два и повеќе стана,39159
2012М06,Површина ( во m2 ),12 Нестанбени згради,19435
2012М06,Површина ( во m2 ),123 Згради во трговијата на големо и на мало,1941
2012М06,Површина ( во m2 ),125 Индустриски згради и складишта,16830
2012М06,Површина ( во m2 ),"126 Згради за разонода на публика, за образование, болници или згради за институционална грижа",91
2012М06,Површина ( во m2 ),127 Други нестанбени згради,573
2012М07,Површина ( во m2 ),11 Станови во станбени објекти (згради),109196
2012М07,Површина ( во m2 ),111 Станови во објекти (згради) со еден стан,8664
2012М07,Површина ( во m2 ),112 Станови во објекти (згради) со два и повеќе стана,100186
2012М07,Површина ( во m2 ),113 Станови на заедници,346
2012М07,Површина ( во m2 ),12 Нестанбени згради,95654
2012М07,Површина ( во m2 ),121 Хотели и слични згради,22260
2012М07,Површина ( во m2 ),122 Деловни згради,2175
2012М07,Површина ( во m2 ),123 Згради во трговијата на големо и на мало,5375
2012М07,Површина ( во m2 ),124 Згради за сообраќај и други комуникации,7133
2012М07,Површина ( во m2 ),125 Индустриски згради и складишта,57282
2012М07,Површина ( во m2 ),"126 Згради за разонода на публика, за образование, болници или згради за институционална грижа",735
2012М07,Површина ( во m2 ),127 Други нестанбени згради,694
2012М08,Површина ( во m2 ),11 Станови во станбени објекти (згради),51112
2012М08,Површина ( во m2 ),111 Станови во објекти (згради) со еден стан,8726
2012М08,Површина ( во m2 ),112 Станови во објекти (згради) со два и повеќе стана,42386
2012М08,Површина ( во m2 ),12 Нестанбени згради,26108
2012М08,Површина ( во m2 ),121 Хотели и слични згради,8522
2012М08,Површина ( во m2 ),122 Деловни згради,38
2012М08,Површина ( во m2 ),123 Згради во трговијата на големо и на мало,3625
2012М08,Површина ( во m2 ),124 Згради за сообраќај и други комуникации,79
2012М08,Површина ( во m2 ),125 Индустриски згради и складишта,13183
2012М08,Површина ( во m2 ),127 Други нестанбени згради,661
2012М09,Површина ( во m2 ),11 Станови во станбени објекти (згради),47536
2012М09,Површина ( во m2 ),111 Станови во објекти (згради) со еден стан,11873
2012М09,Површина ( во m2 ),112 Станови во објекти (згради) со два и повеќе стана,35663
2012М09,Површина ( во m2 ),12 Нестанбени згради,33478
2012М09,Површина ( во m2 ),122 Деловни згради,6898
2012М09,Површина ( во m2 ),123 Згради во трговијата на големо и на мало,3972
2012М09,Површина ( во m2 ),124 Згради за сообраќај и други комуникации,59
2012М09,Површина ( во m2 ),125 Индустриски згради и складишта,15194
2012М09,Површина ( во m2 ),"126 Згради за разонода на публика, за образование, болници или згради за институционална грижа",6379
2012М09,Површина ( во m2 ),127 Други нестанбени згради,976
2012М10,Површина ( во m2 ),11 Станови во станбени објекти (згради),42181
2012М10,Површина ( во m2 ),111 Станови во објекти (згради) со еден стан,11009
2012М10,Површина ( во m2 ),112 Станови во објекти (згради) со два и повеќе стана,31172
2012М10,Површина ( во m2 ),12 Нестанбени згради,60204
2012М10,Површина ( во m2 ),121 Хотели и слични згради,3486
2012М10,Површина ( во m2 ),122 Деловни згради,2185
2012М10,Површина ( во m2 ),123 Згради во трговијата на големо и на мало,19536
2012М10,Површина ( во m2 ),124 Згради за сообраќај и други комуникации,7133
2012М10,Површина ( во m2 ),125 Индустриски згради и складишта,21093
2012М10,Површина ( во m2 ),"126 Згради за разонода на публика, за образование, болници или згради за институционална грижа",509
2012М10,Површина ( во m2 ),127 Други нестанбени згради,6262
2012М11,Површина ( во m2 ),11 Станови во станбени објекти (згради),51958
2012М11,Површина ( во m2 ),111 Станови во објекти (згради) со еден стан,8309
2012М11,Површина ( во m2 ),112 Станови во објекти (згради) со два и повеќе стана,43649
2012М11,Површина ( во m2 ),12 Нестанбени згради,27380
2012М11,Површина ( во m2 ),122 Деловни згради,8131
2012М11,Површина ( во m2 ),123 Згради во трговијата на големо и на мало,1287
2012М11,Површина ( во m2 ),124 Згради за сообраќај и други комуникации,62
2012М11,Површина ( во m2 ),125 Индустриски згради и складишта,10773
2012М11,Површина ( во m2 ),"126 Згради за разонода на публика, за образование, болници или згради за институционална грижа",5200
2012М11,Површина ( во m2 ),127 Други нестанбени згради,1927
2012М12,Површина ( во m2 ),11 Станови во станбени објекти (згради),49018
2012М12,Површина ( во m2 ),111 Станови во објекти (згради) со еден стан,8815
2012М12,Површина ( во m2 ),112 Станови во објекти (згради) со два и повеќе стана,39688
2012М12,Површина ( во m2 ),113 Станови на заедници,515
2012М12,Површина ( во m2 ),12 Нестанбени згради,45078
2012М12,Површина ( во m2 ),122 Деловни згради,2866
2012М12,Површина ( во m2 ),123 Згради во трговијата на големо и на мало,7500
2012М12,Површина ( во m2 ),124 Згради за сообраќај и други комуникации,66
2012М12,Површина ( во m2 ),125 Индустриски згради и складишта,33640
2012М12,Површина ( во m2 ),"126 Згради за разонода на публика, за образование, болници или згради за институционална грижа",80
2012М12,Површина ( во m2 ),127 Други нестанбени згради,926
2013М01,Површина ( во m2 ),11 Станови во станбени објекти (згради),40007
2013М01,Површина ( во m2 ),111 Станови во објекти (згради) со еден стан,6519
2013М01,Површина ( во m2 ),112 Станови во објекти (згради) со два и повеќе стана,32336
2013М01,Површина ( во m2 ),113 Станови на заедници,1152
2013М01,Површина ( во m2 ),12 Нестанбени згради,16194
2013М01,Површина ( во m2 ),122 Деловни згради,1664
2013М01,Површина ( во m2 ),123 Згради во трговијата на големо и на мало,4093
2013М01,Површина ( во m2 ),124 Згради за сообраќај и други комуникации,130
2013М01,Површина ( во m2 ),125 Индустриски згради и складишта,7210
2013М01,Површина ( во m2 ),127 Други нестанбени згради,3097
2013М02,Површина ( во m2 ),11 Станови во станбени објекти (згради),48100
2013М02,Површина ( во m2 ),111 Станови во објекти (згради) со еден стан,9573
2013М02,Површина ( во m2 ),112 Станови во објекти (згради) со два и повеќе стана,38527
2013М02,Површина ( во m2 ),12 Нестанбени згради,58416
2013М02,Површина ( во m2 ),121 Хотели и слични згради,1150
2013М02,Површина ( во m2 ),123 Згради во трговијата на големо и на мало,4012
2013М02,Површина ( во m2 ),124 Згради за сообраќај и други комуникации,38
2013М02,Површина ( во m2 ),125 Индустриски згради и складишта,10698
2013М02,Површина ( во m2 ),"126 Згради за разонода на публика, за образование, болници или згради за институционална грижа",1235
2013М02,Површина ( во m2 ),127 Други нестанбени згради,41283
2013М03,Површина ( во m2 ),11 Станови во станбени објекти (згради),45007
2013М03,Површина ( во m2 ),111 Станови во објекти (згради) со еден стан,12433
2013М03,Површина ( во m2 ),112 Станови во објекти (згради) со два и повеќе стана,32574
2013М03,Површина ( во m2 ),12 Нестанбени згради,35908
2013М03,Површина ( во m2 ),121 Хотели и слични згради,21789
2013М03,Површина ( во m2 ),123 Згради во трговијата на големо и на мало,4645
2013М03,Површина ( во m2 ),125 Индустриски згради и складишта,7594
2013М03,Површина ( во m2 ),"126 Згради за разонода на публика, за образование, болници или згради за институционална грижа",1620
2013М03,Површина ( во m2 ),127 Други нестанбени згради,260
2013М04,Површина ( во m2 ),11 Станови во станбени објекти (згради),34818
2013М04,Површина ( во m2 ),111 Станови во објекти (згради) со еден стан,10434
2013М04,Површина ( во m2 ),112 Станови во објекти (згради) со два и повеќе стана,24384
2013М04,Површина ( во m2 ),12 Нестанбени згради,40456
2013М04,Површина ( во m2 ),122 Деловни згради,18273
2013М04,Површина ( во m2 ),123 Згради во трговијата на големо и на мало,1786
2013М04,Површина ( во m2 ),124 Згради за сообраќај и други комуникации,49
2013М04,Површина ( во m2 ),125 Индустриски згради и складишта,16640
2013М04,Површина ( во m2 ),"126 Згради за разонода на публика, за образование, болници или згради за институционална грижа",2342
2013М04,Површина ( во m2 ),127 Други нестанбени згради,1366
2013М05,Површина ( во m2 ),11 Станови во станбени објекти (згради),35050
2013М05,Површина ( во m2 ),111 Станови во објекти (згради) со еден стан,12857
2013М05,Површина ( во m2 ),112 Станови во објекти (згради) со два и повеќе стана,22193
2013М05,Површина ( во m2 ),12 Нестанбени згради,30333
2013М05,Површина ( во m2 ),121 Хотели и слични згради,537
2013М05,Површина ( во m2 ),122 Деловни згради,3626
2013М05,Површина ( во m2 ),123 Згради во трговијата на големо и на мало,2821
2013М05,Површина ( во m2 ),124 Згради за сообраќај и други комуникации,705
2013М05,Површина ( во m2 ),125 Индустриски згради и складишта,20184
2013М05,Површина ( во m2 ),"126 Згради за разонода на публика, за образование, болници или згради за институционална грижа",2205
2013М05,Површина ( во m2 ),127 Други нестанбени згради,255
2013М06,Површина ( во m2 ),11 Станови во станбени објекти (згради),20451
2013М06,Површина ( во m2 ),111 Станови во објекти (згради) со еден стан,10102
2013М06,Површина ( во m2 ),112 Станови во објекти (згради) со два и повеќе стана,10349
2013М06,Површина ( во m2 ),12 Нестанбени згради,29798
2013М06,Површина ( во m2 ),121 Хотели и слични згради,6720
2013М06,Површина ( во m2 ),123 Згради во трговијата на големо и на мало,490
2013М06,Површина ( во m2 ),124 Згради за сообраќај и други комуникации,83
2013М06,Површина ( во m2 ),125 Индустриски згради и складишта,22330
2013М06,Површина ( во m2 ),127 Други нестанбени згради,175
2013М07,Површина ( во m2 ),11 Станови во станбени објекти (згради),29695
2013М07,Површина ( во m2 ),111 Станови во објекти (згради) со еден стан,8131
2013М07,Површина ( во m2 ),112 Станови во објекти (згради) со два и повеќе стана,21564
2013М07,Површина ( во m2 ),12 Нестанбени згради,24413
2013М07,Површина ( во m2 ),121 Хотели и слични згради,828
2013М07,Површина ( во m2 ),122 Деловни згради,3253
2013М07,Површина ( во m2 ),123 Згради во трговијата на големо и на мало,675
2013М07,Површина ( во m2 ),125 Индустриски згради и складишта,15613
2013М07,Површина ( во m2 ),"126 Згради за разонода на публика, за образование, болници или згради за институционална грижа",3817
2013М07,Површина ( во m2 ),127 Други нестанбени згради,227
2013M08,Површина ( во m2 ),11 Станови во станбени објекти (згради),18906
2013M08,Површина ( во m2 ),111 Станови во објекти (згради) со еден стан,5373
2013M08,Површина ( во m2 ),112 Станови во објекти (згради) со два и повеќе стана,13533
2013M08,Површина ( во m2 ),12 Нестанбени згради,35659
2013M08,Површина ( во m2 ),121 Хотели и слични згради,9819
2013M08,Површина ( во m2 ),122 Деловни згради,2833
2013M08,Површина ( во m2 ),123 Згради во трговијата на големо и на мало,826
2013M08,Површина ( во m2 ),124 Згради за сообраќај и други комуникации,33
2013M08,Површина ( во m2 ),125 Индустриски згради и складишта,2157
2013M08,Површина ( во m2 ),"126 Згради за разонода на публика, за образование, болници или згради за институционална грижа",14721
2013M08,Површина ( во m2 ),127 Други нестанбени згради,5270
2013M09,Површина ( во m2 ),11 Станови во станбени објекти (згради),42992
2013M09,Површина ( во m2 ),111 Станови во објекти (згради) со еден стан,3909
2013M09,Површина ( во m2 ),112 Станови во објекти (згради) со два и повеќе стана,39083
2013M09,Површина ( во m2 ),12 Нестанбени згради,14041
2013M09,Површина ( во m2 ),123 Згради во трговијата на големо и на мало,10699
2013M09,Површина ( во m2 ),124 Згради за сообраќај и други комуникации,19
2013M09,Површина ( во m2 ),125 Индустриски згради и складишта,3206
2013M09,Површина ( во m2 ),127 Други нестанбени згради,117
2013M10,Површина ( во m2 ),11 Станови во станбени објекти (згради),27990
2013M10,Површина ( во m2 ),111 Станови во објекти (згради) со еден стан,7060
2013M10,Површина ( во m2 ),112 Станови во објекти (згради) со два и повеќе стана,20930
2013M10,Површина ( во m2 ),12 Нестанбени згради,48773
2013M10,Површина ( во m2 ),121 Хотели и слични згради,1264
2013M10,Површина ( во m2 ),123 Згради во трговијата на големо и на мало,2676
2013M10,Површина ( во m2 ),124 Згради за сообраќај и други комуникации,46
2013M10,Површина ( во m2 ),125 Индустриски згради и складишта,44337
2013M10,Површина ( во m2 ),127 Други нестанбени згради,450
2013M11,Површина ( во m2 ),11 Станови во станбени објекти (згради),37878
2013M11,Површина ( во m2 ),111 Станови во објекти (згради) со еден стан,13007
2013M11,Површина ( во m2 ),112 Станови во објекти (згради) со два и повеќе стана,24871
2013M11,Површина ( во m2 ),12 Нестанбени згради,27932
2013M11,Површина ( во m2 ),122 Деловни згради,1498
2013M11,Површина ( во m2 ),123 Згради во трговијата на големо и на мало,1347
2013M11,Површина ( во m2 ),124 Згради за сообраќај и други комуникации,327
2013M11,Површина ( во m2 ),125 Индустриски згради и складишта,24628
2013M11,Површина ( во m2 ),"126 Згради за разонода на публика, за образование, болници или згради за институционална грижа",78
2013M11,Површина ( во m2 ),127 Други нестанбени згради,54
2013M12,Површина ( во m2 ),11 Станови во станбени објекти (згради),33017
2013M12,Површина ( во m2 ),111 Станови во објекти (згради) со еден стан,14641
2013M12,Површина ( во m2 ),112 Станови во објекти (згради) со два и повеќе стана,18376
2013M12,Површина ( во m2 ),12 Нестанбени згради,35255
2013M12,Површина ( во m2 ),121 Хотели и слични згради,63
2013M12,Површина ( во m2 ),122 Деловни згради,586
2013M12,Површина ( во m2 ),123 Згради во трговијата на големо и на мало,1961
2013M12,Површина ( во m2 ),125 Индустриски згради и складишта,15036
2013M12,Површина ( во m2 ),"126 Згради за разонода на публика, за образование, болници или згради за институционална грижа",15960
2013M12,Површина ( во m2 ),127 Други нестанбени згради,1649
2014M01,Површина ( во m2 ),11 Станови во станбени објекти (згради),43778
2014M01,Површина ( во m2 ),111 Станови во објекти (згради) со еден стан,8926
2014M01,Површина ( во m2 ),112 Станови во објекти (згради) со два и повеќе стана,34852
2014M01,Површина ( во m2 ),12 Нестанбени згради,54405
2014M01,Површина ( во m2 ),121 Хотели и слични згради,531
2014M01,Површина ( во m2 ),122 Деловни згради,7957
2014M01,Површина ( во m2 ),123 Згради во трговијата на големо и на мало,748
2014M01,Површина ( во m2 ),124 Згради за сообраќај и други комуникации,35
2014M01,Површина ( во m2 ),125 Индустриски згради и складишта,24077
2014M01,Површина ( во m2 ),"126 Згради за разонода на публика, за образование, болници или згради за институционална грижа",20117
2014M01,Површина ( во m2 ),127 Други нестанбени згради,940
2014M02,Површина ( во m2 ),11 Станови во станбени објекти (згради),37313
2014M02,Површина ( во m2 ),111 Станови во објекти (згради) со еден стан,13387
2014M02,Површина ( во m2 ),112 Станови во објекти (згради) со два и повеќе стана,23926
2014M02,Површина ( во m2 ),12 Нестанбени згради,36047
2014M02,Површина ( во m2 ),121 Хотели и слични згради,1205
2014M02,Површина ( во m2 ),122 Деловни згради,808
2014M02,Површина ( во m2 ),123 Згради во трговијата на големо и на мало,1196
2014M02,Површина ( во m2 ),125 Индустриски згради и складишта,29122
2014M02,Површина ( во m2 ),"126 Згради за разонода на публика, за образование, болници или згради за институционална грижа",1092
2014M02,Површина ( во m2 ),127 Други нестанбени згради,2624
2014M03,Површина ( во m2 ),11 Станови во станбени објекти (згради),65077
2014M03,Површина ( во m2 ),111 Станови во објекти (згради) со еден стан,21432
2014M03,Површина ( во m2 ),112 Станови во објекти (згради) со два и повеќе стана,43645
2014M03,Површина ( во m2 ),12 Нестанбени згради,42788
2014M03,Површина ( во m2 ),121 Хотели и слични згради,691
2014M03,Површина ( во m2 ),122 Деловни згради,11982
2014M03,Површина ( во m2 ),123 Згради во трговијата на големо и на мало,4299
2014M03,Површина ( во m2 ),125 Индустриски згради и складишта,17824
2014M03,Површина ( во m2 ),"126 Згради за разонода на публика, за образование, болници или згради за институционална грижа",7912
2014M03,Површина ( во m2 ),127 Други нестанбени згради,80
2014M04,Површина ( во m2 ),11 Станови во станбени објекти (згради),36734
2014M04,Површина ( во m2 ),111 Станови во објекти (згради) со еден стан,14287
2014M04,Површина ( во m2 ),112 Станови во објекти (згради) со два и повеќе стана,22447
2014M04,Површина ( во m2 ),12 Нестанбени згради,28291
2014M04,Површина ( во m2 ),121 Хотели и слични згради,667
2014M04,Површина ( во m2 ),122 Деловни згради,1795
2014M04,Површина ( во m2 ),123 Згради во трговијата на големо и на мало,2109
2014M04,Површина ( во m2 ),125 Индустриски згради и складишта,20459
2014M04,Површина ( во m2 ),"126 Згради за разонода на публика, за образование, болници или згради за институционална грижа",1222
2014M04,Површина ( во m2 ),127 Други нестанбени згради,2039
2014M05,Површина ( во m2 ),11 Станови во станбени објекти (згради),43765
2014M05,Површина ( во m2 ),111 Станови во објекти (згради) со еден стан,14270
2014M05,Површина ( во m2 ),112 Станови во објекти (згради) со два и повеќе стана,29495
2014M05,Површина ( во m2 ),12 Нестанбени згради,7024
2014M05,Површина ( во m2 ),121 Хотели и слични згради,184
2014M05,Површина ( во m2 ),122 Деловни згради,611
2014M05,Површина ( во m2 ),123 Згради во трговијата на големо и на мало,2398
2014M05,Површина ( во m2 ),125 Индустриски згради и складишта,3032
2014M05,Површина ( во m2 ),"126 Згради за разонода на публика, за образование, болници или згради за институционална грижа",650
2014M05,Површина ( во m2 ),127 Други нестанбени згради,149
2014M06,Површина ( во m2 ),11 Станови во станбени објекти (згради),26765
2014M06,Површина ( во m2 ),111 Станови во објекти (згради) со еден стан,11451
2014M06,Површина ( во m2 ),112 Станови во објекти (згради) со два и повеќе стана,15314
2014M06,Површина ( во m2 ),12 Нестанбени згради,31857
2014M06,Површина ( во m2 ),122 Деловни згради,63
2014M06,Површина ( во m2 ),123 Згради во трговијата на големо и на мало,541
2014M06,Површина ( во m2 ),125 Индустриски згради и складишта,25316
2014M06,Површина ( во m2 ),"126 Згради за разонода на публика, за образование, болници или згради за институционална грижа",5877
2014M06,Површина ( во m2 ),127 Други нестанбени згради,60
2014M07,Површина ( во m2 ),11 Станови во станбени објекти (згради),29573
2014M07,Површина ( во m2 ),111 Станови во објекти (згради) со еден стан,11522
2014M07,Површина ( во m2 ),112 Станови во објекти (згради) со два и повеќе стана,18051
2014M07,Површина ( во m2 ),12 Нестанбени згради,61467
2014M07,Површина ( во m2 ),121 Хотели и слични згради,8376
2014M07,Површина ( во m2 ),122 Деловни згради,115
2014M07,Површина ( во m2 ),123 Згради во трговијата на големо и на мало,2649
2014M07,Површина ( во m2 ),124 Згради за сообраќај и други комуникации,12
2014M07,Површина ( во m2 ),125 Индустриски згради и складишта,46045
2014M07,Површина ( во m2 ),127 Други нестанбени згради,4270
2014M08,Површина ( во m2 ),11 Станови во станбени објекти (згради),15327
2014M08,Површина ( во m2 ),111 Станови во објекти (згради) со еден стан,7185
2014M08,Површина ( во m2 ),112 Станови во објекти (згради) со два и повеќе стана,8142
2014M08,Површина ( во m2 ),12 Нестанбени згради,8009
2014M08,Површина ( во m2 ),122 Деловни згради,990
2014M08,Површина ( во m2 ),123 Згради во трговијата на големо и на мало,519
2014M08,Површина ( во m2 ),124 Згради за сообраќај и други комуникации,21
2014M08,Површина ( во m2 ),125 Индустриски згради и складишта,5802
2014M08,Површина ( во m2 ),127 Други нестанбени згради,677
2014M09,Површина ( во m2 ),11 Станови во станбени објекти (згради),38500
2014M09,Површина ( во m2 ),111 Станови во објекти (згради) со еден стан,16247
2014M09,Површина ( во m2 ),112 Станови во објекти (згради) со два и повеќе стана,22253
2014M09,Површина ( во m2 ),12 Нестанбени згради,29139
2014M09,Површина ( во m2 ),121 Хотели и слични згради,3110
2014M09,Површина ( во m2 ),123 Згради во трговијата на големо и на мало,2742
2014M09,Површина ( во m2 ),125 Индустриски згради и складишта,23131
2014M09,Површина ( во m2 ),127 Други нестанбени згради,156
2014M10,Површина ( во m2 ),11 Станови во станбени објекти (згради),39498
2014M10,Површина ( во m2 ),111 Станови во објекти (згради) со еден стан,14222
2014M10,Површина ( во m2 ),112 Станови во објекти (згради) со два и повеќе стана,25276
2014M10,Површина ( во m2 ),12 Нестанбени згради,48070
2014M10,Површина ( во m2 ),121 Хотели и слични згради,836
2014M10,Површина ( во m2 ),122 Деловни згради,717
2014M10,Површина ( во m2 ),123 Згради во трговијата на големо и на мало,3394
2014M10,Површина ( во m2 ),124 Згради за сообраќај и други комуникации,4619
2014M10,Површина ( во m2 ),125 Индустриски згради и складишта,12949
2014M10,Површина ( во m2 ),"126 Згради за разонода на публика, за образование, болници или згради за институционална грижа",22926
2014M10,Површина ( во m2 ),127 Други нестанбени згради,2629
2014M11,Површина ( во m2 ),11 Станови во станбени објекти (згради),35324
2014M11,Површина ( во m2 ),111 Станови во објекти (згради) со еден стан,15941
2014M11,Површина ( во m2 ),112 Станови во објекти (згради) со два и повеќе стана,19383
2014M11,Површина ( во m2 ),12 Нестанбени згради,55259
2014M11,Површина ( во m2 ),122 Деловни згради,17934
2014M11,Површина ( во m2 ),123 Згради во трговијата на големо и на мало,1745
2014M11,Површина ( во m2 ),124 Згради за сообраќај и други комуникации,19
2014M11,Површина ( во m2 ),125 Индустриски згради и складишта,22280
2014M11,Површина ( во m2 ),"126 Згради за разонода на публика, за образование, болници или згради за институционална грижа",9110
2014M11,Површина ( во m2 ),127 Други нестанбени згради,4171
2014М12,Површина ( во m2 ),11 Станови во станбени објекти (згради),64441
2014М12,Површина ( во m2 ),111 Станови во објекти (згради) со еден стан,19427
2014М12,Површина ( во m2 ),112 Станови во објекти (згради) со два и повеќе стана,45014
2014М12,Површина ( во m2 ),12 Нестанбени згради,34438
2014М12,Површина ( во m2 ),122 Деловни згради,4364
2014М12,Површина ( во m2 ),123 Згради во трговијата на големо и на мало,4856
2014М12,Површина ( во m2 ),125 Индустриски згради и складишта,22454
2014М12,Површина ( во m2 ),127 Други нестанбени згради,2764
2015M01,Површина ( во m2 ),11 Станови во станбени објекти (згради),35209
2015M01,Површина ( во m2 ),111 Станови во објекти (згради) со еден стан,14327
2015M01,Површина ( во m2 ),112 Станови во објекти (згради) со два и повеќе стана,20882
2015M01,Површина ( во m2 ),12 Нестанбени згради,14028
2015M01,Површина ( во m2 ),121 Хотели и слични згради,3472
2015M01,Површина ( во m2 ),122 Деловни згради,1322
2015M01,Површина ( во m2 ),123 Згради во трговијата на големо и на мало,2648
2015M01,Површина ( во m2 ),125 Индустриски згради и складишта,6185
2015M01,Површина ( во m2 ),"126 Згради за разонода на публика, за образование, болници или згради за институционална грижа",141
2015M01,Површина ( во m2 ),127 Други нестанбени згради,260
2015М02,Површина ( во m2 ),11 Станови во станбени објекти (згради),28626
2015М02,Површина ( во m2 ),111 Станови во објекти (згради) со еден стан,12055
2015М02,Површина ( во m2 ),112 Станови во објекти (згради) со два и повеќе стана,16571
2015М02,Површина ( во m2 ),12 Нестанбени згради,24094
2015М02,Површина ( во m2 ),121 Хотели и слични згради,2570
2015М02,Површина ( во m2 ),122 Деловни згради,605
2015М02,Површина ( во m2 ),123 Згради во трговијата на големо и на мало,2955
2015М02,Површина ( во m2 ),124 Згради за сообраќај и други комуникации,30
2015М02,Површина ( во m2 ),125 Индустриски згради и складишта,6392
2015М02,Површина ( во m2 ),"126 Згради за разонода на публика, за образование, болници или згради за институционална грижа",10473
2015М02,Површина ( во m2 ),127 Други нестанбени згради,1069
2015M03,Површина ( во m2 ),11 Станови во станбени објекти (згради),34668
2015M03,Површина ( во m2 ),111 Станови во објекти (згради) со еден стан,10445
2015M03,Површина ( во m2 ),112 Станови во објекти (згради) со два и повеќе стана,24223
2015M03,Површина ( во m2 ),12 Нестанбени згради,19905
2015M03,Површина ( во m2 ),121 Хотели и слични згради,1250
2015M03,Површина ( во m2 ),122 Деловни згради,236
2015M03,Површина ( во m2 ),123 Згради во трговијата на големо и на мало,2492
2015M03,Површина ( во m2 ),125 Индустриски згради и складишта,9378
2015M03,Површина ( во m2 ),"126 Згради за разонода на публика, за образование, болници или згради за институционална грижа",5193
2015M03,Површина ( во m2 ),127 Други нестанбени згради,1356
2015М04,Површина ( во m2 ),11 Станови во станбени објекти (згради),30939
2015М04,Површина ( во m2 ),111 Станови во објекти (згради) со еден стан,9869
2015М04,Површина ( во m2 ),112 Станови во објекти (згради) со два и повеќе стана,21070
2015М04,Површина ( во m2 ),12 Нестанбени згради,35312
2015М04,Површина ( во m2 ),121 Хотели и слични згради,2657
2015М04,Површина ( во m2 ),122 Деловни згради,1406
2015М04,Површина ( во m2 ),123 Згради во трговијата на големо и на мало,4921
2015М04,Површина ( во m2 ),124 Згради за сообраќај и други комуникации,137
2015М04,Површина ( во m2 ),125 Индустриски згради и складишта,21471
2015М04,Површина ( во m2 ),"126 Згради за разонода на публика, за образование, болници или згради за институционална грижа",1171
2015М04,Површина ( во m2 ),127 Други нестанбени згради,3549
2015M05,Површина ( во m2 ),11 Станови во станбени објекти (згради),28748
2015M05,Површина ( во m2 ),111 Станови во објекти (згради) со еден стан,11993
2015M05,Површина ( во m2 ),112 Станови во објекти (згради) со два и повеќе стана,16755
2015M05,Површина ( во m2 ),12 Нестанбени згради,41273
2015M05,Површина ( во m2 ),122 Деловни згради,803
2015M05,Површина ( во m2 ),123 Згради во трговијата на големо и на мало,1361
2015M05,Површина ( во m2 ),124 Згради за сообраќај и други комуникации,68
2015M05,Површина ( во m2 ),125 Индустриски згради и складишта,31876
2015M05,Површина ( во m2 ),127 Други нестанбени згради,7165
2015М06,Површина ( во m2 ),11 Станови во станбени објекти (згради),20688
2015М06,Површина ( во m2 ),111 Станови во објекти (згради) со еден стан,11315
2015М06,Површина ( во m2 ),112 Станови во објекти (згради) со два и повеќе стана,9373
2015М06,Површина ( во m2 ),12 Нестанбени згради,53370
2015М06,Површина ( во m2 ),121 Хотели и слични згради,23283
2015М06,Површина ( во m2 ),123 Згради во трговијата на големо и на мало,681
2015М06,Површина ( во m2 ),124 Згради за сообраќај и други комуникации,140
2015М06,Површина ( во m2 ),125 Индустриски згради и складишта,28177
2015М06,Површина ( во m2 ),127 Други нестанбени згради,1089
2015М07,Површина ( во m2 ),11 Станови во станбени објекти (згради),72255
2015М07,Површина ( во m2 ),111 Станови во објекти (згради) со еден стан,17418
2015М07,Површина ( во m2 ),112 Станови во објекти (згради) со два и повеќе стана,54837
2015М07,Површина ( во m2 ),12 Нестанбени згради,59298
2015М07,Површина ( во m2 ),121 Хотели и слични згради,670
2015М07,Површина ( во m2 ),122 Деловни згради,1907
2015М07,Површина ( во m2 ),123 Згради во трговијата на големо и на мало,4817
2015М07,Површина ( во m2 ),124 Згради за сообраќај и други комуникации,1089
2015М07,Површина ( во m2 ),125 Индустриски згради и складишта,41674
2015М07,Површина ( во m2 ),"126 Згради за разонода на публика, за образование, болници или згради за институционална грижа",5189
2015М07,Површина ( во m2 ),127 Други нестанбени згради,3952
2015М08,Површина ( во m2 ),11 Станови во станбени објекти (згради),30233
2015М08,Површина ( во m2 ),111 Станови во објекти (згради) со еден стан,10061
2015М08,Површина ( во m2 ),112 Станови во објекти (згради) со два и повеќе стана,20172
2015М08,Површина ( во m2 ),12 Нестанбени згради,29545
2015М08,Површина ( во m2 ),121 Хотели и слични згради,1068
2015М08,Површина ( во m2 ),123 Згради во трговијата на големо и на мало,3571
2015М08,Површина ( во m2 ),124 Згради за сообраќај и други комуникации,59
2015М08,Површина ( во m2 ),125 Индустриски згради и складишта,20879
2015М08,Површина ( во m2 ),"126 Згради за разонода на публика, за образование, болници или згради за институционална грижа",466
2015М08,Површина ( во m2 ),127 Други нестанбени згради,3502
2015M09,Површина ( во m2 ),11 Станови во станбени објекти (згради),35189
2015M09,Површина ( во m2 ),111 Станови во објекти (згради) со еден стан,14893
2015M09,Површина ( во m2 ),112 Станови во објекти (згради) со два и повеќе стана,20296
2015M09,Површина ( во m2 ),12 Нестанбени згради,31618
2015M09,Површина ( во m2 ),121 Хотели и слични згради,418
2015M09,Површина ( во m2 ),122 Деловни згради,7641
2015M09,Површина ( во m2 ),123 Згради во трговијата на големо и на мало,5211
2015M09,Површина ( во m2 ),124 Згради за сообраќај и други комуникации,103
2015M09,Површина ( во m2 ),125 Индустриски згради и складишта,12982
2015M09,Површина ( во m2 ),"126 Згради за разонода на публика, за образование, болници или згради за институционална грижа",3219
2015M09,Површина ( во m2 ),127 Други нестанбени згради,2044
2015М10,Површина ( во m2 ),11 Станови во станбени објекти (згради),69474
2015М10,Површина ( во m2 ),111 Станови во објекти (згради) со еден стан,16867
2015М10,Површина ( во m2 ),112 Станови во објекти (згради) со два и повеќе стана,52607
2015М10,Површина ( во m2 ),12 Нестанбени згради,15667
2015М10,Површина ( во m2 ),122 Деловни згради,624
2015М10,Површина ( во m2 ),123 Згради во трговијата на големо и на мало,972
2015М10,Површина ( во m2 ),124 Згради за сообраќај и други комуникации,1510
2015М10,Површина ( во m2 ),125 Индустриски згради и складишта,6812
2015М10,Површина ( во m2 ),"126 Згради за разонода на публика, за образование, болници или згради за институционална грижа",5072
2015М10,Површина ( во m2 ),127 Други нестанбени згради,677
2015М11,Површина ( во m2 ),11 Станови во станбени објекти (згради),43785
2015М11,Површина ( во m2 ),111 Станови во објекти (згради) со еден стан,18171
2015М11,Површина ( во m2 ),112 Станови во објекти (згради) со два и повеќе стана,25614
2015М11,Површина ( во m2 ),12 Нестанбени згради,75828
2015М11,Површина ( во m2 ),121 Хотели и слични згради,2681
2015М11,Површина ( во m2 ),122 Деловни згради,21732
2015М11,Површина ( во m2 ),123 Згради во трговијата на големо и на мало,8464
2015М11,Површина ( во m2 ),124 Згради за сообраќај и други комуникации,154
2015М11,Површина ( во m2 ),125 Индустриски згради и складишта,9108
2015М11,Површина ( во m2 ),"126 Згради за разонода на публика, за образование, болници или згради за институционална грижа",33228
2015М11,Површина ( во m2 ),127 Други нестанбени згради,461
2015М12,Површина ( во m2 ),11 Станови во станбени објекти (згради),65430
2015М12,Површина ( во m2 ),111 Станови во објекти (згради) со еден стан,17429
2015М12,Површина ( во m2 ),112 Станови во објекти (згради) со два и повеќе стана,48001
2015М12,Површина ( во m2 ),12 Нестанбени згради,68964
2015М12,Површина ( во m2 ),121 Хотели и слични згради,8391
2015М12,Површина ( во m2 ),122 Деловни згради,574
2015М12,Површина ( во m2 ),123 Згради во трговијата на големо и на мало,8593
2015М12,Површина ( во m2 ),124 Згради за сообраќај и други комуникации,832
2015М12,Површина ( во m2 ),125 Индустриски згради и складишта,27351
2015М12,Површина ( во m2 ),"126 Згради за разонода на публика, за образование, болници или згради за институционална грижа",21043
2015М12,Површина ( во m2 ),127 Други нестанбени згради,2180
2016М01,Површина ( во m2 ),11 Станови во станбени објекти (згради),26165
2016М01,Површина ( во m2 ),111 Станови во објекти (згради) со еден стан,10372
2016М01,Површина ( во m2 ),112 Станови во објекти (згради) со два и повеќе стана,15793
2016М01,Површина ( во m2 ),12 Нестанбени згради,49474
2016М01,Површина ( во m2 ),121 Хотели и слични згради,69
2016М01,Површина ( во m2 ),122 Деловни згради,4278
2016М01,Површина ( во m2 ),123 Згради во трговијата на големо и на мало,4867
2016М01,Површина ( во m2 ),124 Згради за сообраќај и други комуникации,20
2016М01,Површина ( во m2 ),125 Индустриски згради и складишта,38357
2016М01,Површина ( во m2 ),"126 Згради за разонода на публика, за образование, болници или згради за институционална грижа",1786
2016М01,Површина ( во m2 ),127 Други нестанбени згради,97
2016M02,Површина ( во m2 ),11 Станови во станбени објекти (згради),66209
2016M02,Површина ( во m2 ),111 Станови во објекти (згради) со еден стан,16786
2016M02,Површина ( во m2 ),112 Станови во објекти (згради) со два и повеќе стана,49423
2016M02,Површина ( во m2 ),12 Нестанбени згради,75145
2016M02,Површина ( во m2 ),121 Хотели и слични згради,19546
2016M02,Површина ( во m2 ),122 Деловни згради,9808
2016M02,Површина ( во m2 ),123 Згради во трговијата на големо и на мало,4213
2016M02,Површина ( во m2 ),124 Згради за сообраќај и други комуникации,107
2016M02,Површина ( во m2 ),125 Индустриски згради и складишта,24559
2016M02,Површина ( во m2 ),"126 Згради за разонода на публика, за образование, болници или згради за институционална грижа",13462
2016M02,Површина ( во m2 ),127 Други нестанбени згради,3450
2016М03,Површина ( во m2 ),11 Станови во станбени објекти (згради),42545
2016М03,Површина ( во m2 ),111 Станови во објекти (згради) со еден стан,8715
2016М03,Површина ( во m2 ),112 Станови во објекти (згради) со два и повеќе стана,33830
2016М03,Површина ( во m2 ),12 Нестанбени згради,36943
2016М03,Површина ( во m2 ),121 Хотели и слични згради,2195
2016М03,Површина ( во m2 ),122 Деловни згради,75
2016М03,Површина ( во m2 ),123 Згради во трговијата на големо и на мало,3328
2016М03,Површина ( во m2 ),124 Згради за сообраќај и други комуникации,178
2016М03,Површина ( во m2 ),125 Индустриски згради и складишта,26480
2016М03,Површина ( во m2 ),"126 Згради за разонода на публика, за образование, болници или згради за институционална грижа",4340
2016М03,Површина ( во m2 ),127 Други нестанбени згради,347
2016M04,Површина ( во m2 ),11 Станови во станбени објекти (згради),36417
2016M04,Површина ( во m2 ),111 Станови во објекти (згради) со еден стан,12143
2016M04,Површина ( во m2 ),112 Станови во објекти (згради) со два и повеќе стана,24274
2016M04,Површина ( во m2 ),12 Нестанбени згради,56109
2016M04,Површина ( во m2 ),121 Хотели и слични згради,657
2016M04,Површина ( во m2 ),122 Деловни згради,5518
2016M04,Површина ( во m2 ),123 Згради во трговијата на големо и на мало,1887
2016M04,Површина ( во m2 ),124 Згради за сообраќај и други комуникации,91
2016M04,Површина ( во m2 ),125 Индустриски згради и складишта,44857
2016M04,Површина ( во m2 ),"126 Згради за разонода на публика, за образование, болници или згради за институционална грижа",1877
2016M04,Површина ( во m2 ),127 Други нестанбени згради,1222
2016M05,Површина ( во m2 ),11 Станови во станбени објекти (згради),63183
2016M05,Површина ( во m2 ),111 Станови во објекти (згради) со еден стан,11865
2016M05,Површина ( во m2 ),112 Станови во објекти (згради) со два и повеќе стана,51318
2016M05,Површина ( во m2 ),12 Нестанбени згради,110907
2016M05,Површина ( во m2 ),121 Хотели и слични згради,41063
2016M05,Површина ( во m2 ),122 Деловни згради,513
2016M05,Површина ( во m2 ),123 Згради во трговијата на големо и на мало,3993
2016M05,Површина ( во m2 ),124 Згради за сообраќај и други комуникации,79
2016M05,Површина ( во m2 ),125 Индустриски згради и складишта,53994
2016M05,Површина ( во m2 ),"126 Згради за разонода на публика, за образование, болници или згради за институционална грижа",10641
2016M05,Површина ( во m2 ),127 Други нестанбени згради,624
2016M06,Површина ( во m2 ),11 Станови во станбени објекти (згради),70391
2016M06,Површина ( во m2 ),111 Станови во објекти (згради) со еден стан,12620
2016M06,Површина ( во m2 ),112 Станови во објекти (згради) со два и повеќе стана,50412
2016M06,Површина ( во m2 ),113 Станови на заедници,7359
2016M06,Површина ( во m2 ),12 Нестанбени згради,18752
2016M06,Површина ( во m2 ),122 Деловни згради,1423
2016M06,Површина ( во m2 ),123 Згради во трговијата на големо и на мало,618
2016M06,Површина ( во m2 ),125 Индустриски згради и складишта,13873
2016M06,Површина ( во m2 ),"126 Згради за разонода на публика, за образование, болници или згради за институционална грижа",2644
2016M06,Површина ( во m2 ),127 Други нестанбени згради,194
2016M07,Површина ( во m2 ),11 Станови во станбени објекти (згради),58253
2016M07,Површина ( во m2 ),111 Станови во објекти (згради) со еден стан,16801
2016M07,Површина ( во m2 ),112 Станови во објекти (згради) со два и повеќе стана,41452
2016M07,Површина ( во m2 ),12 Нестанбени згради,45482
2016M07,Површина ( во m2 ),121 Хотели и слични згради,3167
2016M07,Површина ( во m2 ),122 Деловни згради,3277
2016M07,Површина ( во m2 ),123 Згради во трговијата на големо и на мало,17045
2016M07,Површина ( во m2 ),124 Згради за сообраќај и други комуникации,4656
2016M07,Површина ( во m2 ),125 Индустриски згради и складишта,12746
2016M07,Површина ( во m2 ),"126 Згради за разонода на публика, за образование, болници или згради за институционална грижа",3771
2016M07,Површина ( во m2 ),127 Други нестанбени згради,820
2016M08,Површина ( во m2 ),11 Станови во станбени објекти (згради),27426
2016M08,Површина ( во m2 ),111 Станови во објекти (згради) со еден стан,16767
2016M08,Површина ( во m2 ),112 Станови во објекти (згради) со два и повеќе стана,10659
2016M08,Површина ( во m2 ),12 Нестанбени згради,46551
2016M08,Површина ( во m2 ),121 Хотели и слични згради,1098
2016M08,Површина ( во m2 ),122 Деловни згради,1416
2016M08,Површина ( во m2 ),123 Згради во трговијата на големо и на мало,4884
2016M08,Површина ( во m2 ),125 Индустриски згради и складишта,37995
2016M08,Површина ( во m2 ),"126 Згради за разонода на публика, за образование, болници или згради за институционална грижа",254
2016M08,Површина ( во m2 ),127 Други нестанбени згради,904
2016M09,Површина ( во m2 ),11 Станови во станбени објекти (згради),78143
2016M09,Површина ( во m2 ),111 Станови во објекти (згради) со еден стан,16180
2016M09,Површина ( во m2 ),112 Станови во објекти (згради) со два и повеќе стана,61963
2016M09,Површина ( во m2 ),12 Нестанбени згради,46059
2016M09,Површина ( во m2 ),121 Хотели и слични згради,1475
2016M09,Површина ( во m2 ),123 Згради во трговијата на големо и на мало,16403
2016M09,Површина ( во m2 ),124 Згради за сообраќај и други комуникации,103
2016M09,Површина ( во m2 ),125 Индустриски згради и складишта,21755
2016M09,Површина ( во m2 ),"126 Згради за разонода на публика, за образование, болници или згради за институционална грижа",2964
2016M09,Површина ( во m2 ),127 Други нестанбени згради,3359
